{
   	"run_list":[
		"recipe[chef-rpi-cron::default]",
		"recipe[chef-rpi-desktop::default]",
		"recipe[chef-rpi-browser::default]",
		"recipe[chef-rpi-emulation::default]"
	],
	"chef-rpi-cron":{
		"userName":"hybris",
		"machineType":"ubuntu"
	},
	"chef-rpi-browser":{
		"userName":"hybris",
		"machineType":"ubuntu"
	},
	"chef-rpi-desktop":{
		"userName":"hybris",
		"machineType":"ubuntu"
	},
	"chef-rpi-emulation":{
                "userName":"hybris",
                "machineType":"ubuntu"
        }
}
